peptide_UID	peptide_seq	charge	retention_time	protein	AMP_U	AMP_L	FRAC_NX	B	M_OFF	GW	residual	fit_file
SWTLVR[+1]21.004	SWTLVR	1	21.004	S17	0.215337	0.595053	0.825536	5.5	0.058515	0.005048	53.26	not_saved
AILAAAGIAEDVK[+1]24.605	AILAAAGIAEDVK	1	24.605	S13	0.19572	0.539537	0.821642	2.0	0.098352	0.003573	64.79	not_saved
QHVPVFVTDEMVGHK[+4]22.027	QHVPVFVTDEMVGHK	4	22.027	S19	0.109487	0.30328	0.825206	3.0	0.131448	0.001762	78.53	not_saved
